folder,file,w,h,mp,kb,sharp,contrast,bright,ar,error
brabus-g-wagon-2025,brabus-g-wagon-2025-01.jpeg,1600,1200,1.92,262,490.1,56.4,98.2,1.33,
brabus-g-wagon-2025,brabus-g-wagon-2025-02.jpeg,1200,1600,1.92,206,268.0,67.3,109.3,0.75,
brabus-g-wagon-2025,brabus-g-wagon-2025-03.jpeg,1200,1600,1.92,209,212.7,57.9,102.5,0.75,
brabus-g-wagon-2025,brabus-g-wagon-2025-04.jpeg,1200,1600,1.92,164,188.9,62.0,97.9,0.75,
brabus-g-wagon-2025,brabus-g-wagon-2025-05.jpeg,1200,1600,1.92,248,428.0,44.5,102.3,0.75,
brabus-g-wagon-2025,brabus-g-wagon-2025-06.jpeg,1200,1600,1.92,196,234.9,52.6,88.1,0.75,
brabus-g-wagon-2025,brabus-g-wagon-2025-07.jpeg,1600,1200,1.92,195,276.0,60.6,108.2,1.33,
brabus-g-wagon-2025,brabus-g-wagon-2025-08.jpeg,1200,1600,1.92,203,446.3,70.6,87.3,0.75,
brabus-g-wagon-2025,brabus-g-wagon-2025-09.jpeg,1200,1600,1.92,155,186.7,40.4,42.4,0.75,
brabus-g-wagon-2025,brabus-g-wagon-2025-10.jpeg,1200,1600,1.92,219,342.2,54.0,87.5,0.75,
ford-ranger-raptor-2025,ford-ranger-raptor-2025-01.jpeg,1173,863,1.01,222,780.8,55.6,121.9,1.36,
ford-ranger-raptor-2025,ford-ranger-raptor-2025-02.jpeg,1190,907,1.08,216,658.7,61.0,114.7,1.31,
ford-ranger-raptor-2025,ford-ranger-raptor-2025-03.jpeg,1206,878,1.06,139,283.7,55.5,106.9,1.37,
ford-ranger-raptor-2025,ford-ranger-raptor-2025-04.jpeg,1149,888,1.02,166,306.2,61.2,134.3,1.29,
ford-ranger-raptor-2025,ford-ranger-raptor-2025-05.jpeg,1191,887,1.06,197,606.0,66.0,117.2,1.34,
ford-ranger-raptor-2025,ford-ranger-raptor-2025-06.jpeg,1193,851,1.02,82,276.3,51.7,94.6,1.4,
ford-ranger-raptor-2025,ford-ranger-raptor-2025-07.jpeg,1173,863,1.01,222,780.8,55.6,121.9,1.36,
ford-ranger-wildtrak-2022,ford-ranger-wildtrak-2022-01.jpeg,700,500,0.35,93,862.3,60.4,127.5,1.4,
ford-ranger-wildtrak-2022,ford-ranger-wildtrak-2022-02.jpeg,700,500,0.35,95,1043.7,60.7,125.9,1.4,
ford-ranger-wildtrak-2022,ford-ranger-wildtrak-2022-03.jpeg,700,500,0.35,87,744.0,57.3,128.0,1.4,
ford-ranger-wildtrak-2022,ford-ranger-wildtrak-2022-04.jpeg,700,500,0.35,99,1182.5,77.4,139.8,1.4,
ford-ranger-wildtrak-2022,ford-ranger-wildtrak-2022-05.jpeg,700,500,0.35,85,794.9,59.4,125.4,1.4,
ford-ranger-wildtrak-2022,ford-ranger-wildtrak-2022-06.jpeg,700,500,0.35,95,1159.4,89.7,124.2,1.4,
ford-ranger-wildtrak-2022,ford-ranger-wildtrak-2022-07.jpeg,700,500,0.35,70,368.4,54.7,133.8,1.4,
ford-raptor-2025,ford-raptor-2025-01.jpeg,1080,607,0.66,100,572.6,79.5,126.1,1.78,
ford-raptor-2025,ford-raptor-2025-02.jpeg,1080,607,0.66,100,521.4,72.5,133.6,1.78,
ford-raptor-2025,ford-raptor-2025-03.jpeg,1080,607,0.66,99,532.7,60.4,113.6,1.78,
ford-raptor-2025,ford-raptor-2025-04.jpeg,1080,607,0.66,92,425.7,61.5,93.7,1.78,
ford-raptor-2025,ford-raptor-2025-05.jpeg,1080,607,0.66,98,380.8,71.1,133.7,1.78,
ford-raptor-2025,ford-raptor-2025-06.jpeg,1080,607,0.66,105,433.7,64.1,132.1,1.78,
ford-raptor-2025,ford-raptor-2025-07.jpeg,1080,607,0.66,49,26.5,57.6,113.8,1.78,
ford-raptor-2025,ford-raptor-2025-08.jpeg,1080,607,0.66,88,445.0,79.7,105.1,1.78,
isuzu-forward-2017,isuzu-forward-2017-01.jpeg,810,1080,0.87,120,541.7,63.0,113.8,0.75,
isuzu-forward-2017,isuzu-forward-2017-02.jpeg,810,1080,0.87,120,541.7,63.0,113.8,0.75,
isuzu-forward-2017,isuzu-forward-2017-03.jpeg,810,1080,0.87,119,424.7,56.3,120.9,0.75,
isuzu-forward-2017,isuzu-forward-2017-04.jpeg,636,995,0.63,65,244.8,75.2,132.1,0.64,
isuzu-forward-2017,isuzu-forward-2017-05.jpeg,636,995,0.63,65,244.8,75.2,132.1,0.64,
isuzu-forward-2017,isuzu-forward-2017-06.jpeg,810,967,0.78,57,209.6,80.1,135.0,0.84,
isuzu-forward-2017,isuzu-forward-2017-07.jpeg,810,1080,0.87,119,424.7,56.3,120.9,0.75,
isuzu-forward-2017,isuzu-forward-2017-08.jpeg,636,995,0.63,65,244.8,75.2,132.1,0.64,
jeep-gladiator-2024,jeep-gladiator-2024-01.jpeg,810,1080,0.87,178,1000.6,50.5,77.4,0.75,
jeep-gladiator-2024,jeep-gladiator-2024-02.jpeg,810,1080,0.87,161,839.3,53.6,71.0,0.75,
jeep-gladiator-2024,jeep-gladiator-2024-03.jpeg,810,1080,0.87,124,439.4,52.7,70.7,0.75,
jeep-gladiator-2024,jeep-gladiator-2024-04.jpeg,810,1080,0.87,178,1000.6,50.5,77.4,0.75,
jeep-gladiator-rubicon-2023,jeep-gladiator-rubicon-2023-01.jpeg,810,1080,0.87,271,2648.9,59.4,91.6,0.75,
jeep-gladiator-rubicon-2023,jeep-gladiator-rubicon-2023-02.jpeg,810,1080,0.87,294,2837.9,62.6,104.3,0.75,
jeep-gladiator-rubicon-2023,jeep-gladiator-rubicon-2023-03.jpeg,810,1080,0.87,133,888.2,66.1,80.9,0.75,
jeep-gladiator-rubicon-2023,jeep-gladiator-rubicon-2023-04.jpeg,810,1080,0.87,144,756.0,64.8,91.6,0.75,
jeep-gladiator-rubicon-2023,jeep-gladiator-rubicon-2023-05.jpeg,810,1080,0.87,264,2355.1,61.8,109.6,0.75,
jeep-gladiator-rubicon-2023,jeep-gladiator-rubicon-2023-06.jpeg,810,1080,0.87,156,874.6,66.9,80.8,0.75,
jeep-gladiator-rubicon-2023,jeep-gladiator-rubicon-2023-07.jpeg,810,1080,0.87,191,1072.0,58.2,96.1,0.75,
jeep-gladiator-rubicon-2023,jeep-gladiator-rubicon-2023-08.jpeg,810,1080,0.87,233,1764.4,66.2,94.7,0.75,
jeep-gladiator-rubicon-2023,jeep-gladiator-rubicon-2023-09.jpeg,810,1080,0.87,157,964.7,63.9,100.5,0.75,
jeep-gladiator-rubicon-2023,jeep-gladiator-rubicon-2023-10.jpeg,810,1080,0.87,211,1142.8,54.2,86.4,0.75,
jeep-gladiator-rubicon-2023,jeep-gladiator-rubicon-2023-11.jpeg,810,1080,0.87,174,900.9,65.3,99.8,0.75,
jeep-wrangler-2018,jeep-wrangler-2018-01.jpeg,765,1020,0.78,109,383.7,59.4,145.4,0.75,
jeep-wrangler-2018,jeep-wrangler-2018-02.jpeg,765,1020,0.78,140,1045.4,55.0,113.6,0.75,
jeep-wrangler-2018,jeep-wrangler-2018-03.jpeg,765,1020,0.78,125,638.4,62.0,136.9,0.75,
jeep-wrangler-2018,jeep-wrangler-2018-04.jpeg,765,1020,0.78,131,1004.4,60.7,139.8,0.75,
jeep-wrangler-2018,jeep-wrangler-2018-05.jpeg,765,1020,0.78,138,1076.6,59.2,142.4,0.75,
jeep-wrangler-2018,jeep-wrangler-2018-06.jpeg,765,1020,0.78,111,440.0,60.6,140.3,0.75,
land-rover-range-rover-2018,land-rover-range-rover-2018-01.jpeg,1599,1340,2.14,234,466.0,68.7,148.2,1.19,
land-rover-range-rover-2018,land-rover-range-rover-2018-02.jpeg,1599,1340,2.14,212,381.7,69.7,152.3,1.19,
land-rover-range-rover-2018,land-rover-range-rover-2018-03.jpeg,1112,1600,1.78,225,554.5,69.4,135.1,0.69,
land-rover-range-rover-2018,land-rover-range-rover-2018-04.jpeg,1112,1600,1.78,225,554.5,69.4,135.1,0.69,
land-rover-range-rover-2018,land-rover-range-rover-2018-05.jpeg,1112,1600,1.78,245,533.1,63.8,114.9,0.69,
land-rover-range-rover-2018,land-rover-range-rover-2018-06.jpeg,1112,1600,1.78,190,434.6,68.4,133.1,0.69,
land-rover-range-rover-2018,land-rover-range-rover-2018-07.jpeg,1599,1340,2.14,213,392.3,68.3,135.8,1.19,
land-rover-range-rover-2018,land-rover-range-rover-2018-08.jpeg,1112,1600,1.78,173,431.3,72.9,113.1,0.69,
mazda-cx-5-2017,mazda-cx-5-2017-01.jpeg,640,445,0.28,36,293.4,80.4,149.0,1.44,
mazda-cx-5-2017,mazda-cx-5-2017-02.jpeg,640,449,0.29,38,392.4,81.9,124.9,1.43,
mazda-cx-5-2017,mazda-cx-5-2017-03.jpeg,640,449,0.29,43,314.0,68.2,114.0,1.43,
mazda-cx-5-2017,mazda-cx-5-2017-04.jpeg,640,454,0.29,35,234.2,71.4,114.8,1.41,
mazda-cx-5-2017,mazda-cx-5-2017-05.jpeg,640,450,0.29,35,318.0,74.4,144.6,1.42,
mazda-cx-5-2017,mazda-cx-5-2017-06.jpeg,640,450,0.29,34,242.8,81.3,154.0,1.42,
mazda-cx-5-2017,mazda-cx-5-2017-07.jpeg,640,448,0.29,31,131.2,70.3,115.4,1.43,
mercedes-benz-c180-cabriolet-sport-2017,mercedes-benz-c180-cabriolet-sport-2017-01.jpeg,640,480,0.31,58,1305.4,66.5,137.9,1.33,
mercedes-benz-c180-cabriolet-sport-2017,mercedes-benz-c180-cabriolet-sport-2017-02.jpeg,640,480,0.31,51,897.3,57.4,146.9,1.33,
mercedes-benz-c180-cabriolet-sport-2017,mercedes-benz-c180-cabriolet-sport-2017-03.jpeg,640,480,0.31,73,833.6,65.4,147.3,1.33,
mercedes-benz-c180-cabriolet-sport-2017,mercedes-benz-c180-cabriolet-sport-2017-04.jpeg,640,480,0.31,61,469.2,65.7,119.1,1.33,
mercedes-benz-c180-cabriolet-sport-2017,mercedes-benz-c180-cabriolet-sport-2017-05.jpeg,640,480,0.31,57,366.8,47.5,112.9,1.33,
mercedes-benz-gle-2018,mercedes-benz-gle-2018-01.jpeg,810,1080,0.87,133,402.2,70.0,122.9,0.75,
mercedes-benz-gle-2018,mercedes-benz-gle-2018-02.jpeg,810,1080,0.87,129,377.3,68.5,111.1,0.75,
mercedes-benz-gle-2018,mercedes-benz-gle-2018-03.jpeg,810,1080,0.87,106,237.5,66.6,116.5,0.75,
mercedes-benz-gle-2018,mercedes-benz-gle-2018-04.jpeg,810,1080,0.87,158,917.4,62.3,89.6,0.75,
mercedes-benz-gle-2018,mercedes-benz-gle-2018-05.jpeg,810,1080,0.87,122,920.2,62.7,92.1,0.75,
mercedes-benz-gle-2018,mercedes-benz-gle-2018-06.jpeg,810,1080,0.87,121,883.3,69.8,98.1,0.75,
mitsubishi-fighter-fuso-2019,mitsubishi-fighter-fuso-2019-01.jpeg,810,1080,0.87,169,675.8,58.3,130.2,0.75,
mitsubishi-fighter-fuso-2019,mitsubishi-fighter-fuso-2019-02.jpeg,810,1080,0.87,128,435.0,57.3,138.6,0.75,
mitsubishi-fighter-fuso-2019,mitsubishi-fighter-fuso-2019-03.jpeg,810,1080,0.87,156,627.6,61.2,129.6,0.75,
mitsubishi-fighter-fuso-2019,mitsubishi-fighter-fuso-2019-04.jpeg,810,1080,0.87,160,668.0,59.8,133.4,0.75,
mitsubishi-fighter-fuso-2019,mitsubishi-fighter-fuso-2019-05.jpeg,810,1080,0.87,169,675.8,58.3,130.2,0.75,
toyota-fortuner-gr-sport-2026,toyota-fortuner-gr-sport-2026-01.jpeg,700,500,0.35,109,1982.0,69.7,147.6,1.4,
toyota-fortuner-gr-sport-2026,toyota-fortuner-gr-sport-2026-02.jpeg,700,500,0.35,109,1982.0,69.7,147.6,1.4,
toyota-fortuner-gr-sport-2026,toyota-fortuner-gr-sport-2026-03.jpeg,700,500,0.35,92,1224.0,69.4,132.5,1.4,
toyota-fortuner-gr-sport-2026,toyota-fortuner-gr-sport-2026-04.jpeg,700,500,0.35,111,1343.2,69.2,100.6,1.4,
toyota-fortuner-legender-2026,toyota-fortuner-legender-2026-01.jpeg,700,500,0.35,83,844.4,60.2,146.2,1.4,
toyota-fortuner-legender-2026,toyota-fortuner-legender-2026-02.jpeg,700,500,0.35,83,670.9,72.0,110.9,1.4,
toyota-fortuner-legender-2026,toyota-fortuner-legender-2026-03.jpeg,700,500,0.35,91,1206.5,85.9,92.1,1.4,
toyota-fortuner-legender-2026,toyota-fortuner-legender-2026-04.jpeg,700,500,0.35,67,405.1,68.6,129.8,1.4,
toyota-fortuner-legender-2026,toyota-fortuner-legender-2026-05.jpeg,700,500,0.35,90,762.6,65.0,100.4,1.4,
toyota-hiace-commuter-2026,toyota-hiace-commuter-2026-01.jpeg,700,500,0.35,85,821.4,53.2,146.4,1.4,
toyota-hiace-commuter-2026,toyota-hiace-commuter-2026-02.jpeg,700,500,0.35,81,770.0,61.4,107.9,1.4,
toyota-hiace-commuter-2026,toyota-hiace-commuter-2026-03.jpeg,700,500,0.35,75,500.5,61.2,119.5,1.4,
toyota-hiace-commuter-2026,toyota-hiace-commuter-2026-04.jpeg,700,500,0.35,94,1871.7,64.5,119.0,1.4,
toyota-hilux-2018,toyota-hilux-2018-01.jpeg,1117,720,0.8,190,385.1,60.8,97.5,1.55,
toyota-hilux-2018,toyota-hilux-2018-02.jpeg,1280,662,0.85,107,380.3,67.4,97.0,1.93,
toyota-hilux-2018,toyota-hilux-2018-03.jpeg,1280,720,0.92,91,274.4,84.8,94.9,1.78,
toyota-hilux-2018,toyota-hilux-2018-04.jpeg,1280,720,0.92,83,207.2,59.8,105.1,1.78,
toyota-hilux-2018,toyota-hilux-2018-05.jpeg,1280,720,0.92,111,421.5,72.5,106.2,1.78,
toyota-hilux-2018,toyota-hilux-2018-06.jpeg,1280,720,0.92,71,145.3,71.0,113.9,1.78,
toyota-hilux-2018,toyota-hilux-2018-07.jpeg,720,1280,0.92,116,253.6,62.6,135.8,0.56,
toyota-hilux-2018,toyota-hilux-2018-08.jpeg,920,720,0.66,128,886.7,60.0,115.4,1.28,
toyota-hilux-2018,toyota-hilux-2018-09.jpeg,720,1280,0.92,111,221.4,39.3,102.0,0.56,
toyota-hilux-2018,toyota-hilux-2018-10.jpeg,1280,720,0.92,60,106.4,58.1,98.4,1.78,
toyota-hilux-2018,toyota-hilux-2018-11.jpeg,940,720,0.68,134,944.8,61.7,115.1,1.31,
toyota-hilux-2018,toyota-hilux-2018-12.jpeg,810,1080,0.87,128,460.2,67.1,114.9,0.75,
toyota-hilux-revo-2021,toyota-hilux-revo-2021-01.jpeg,1600,1392,2.23,372,317.4,67.5,119.8,1.15,
toyota-hilux-revo-2021,toyota-hilux-revo-2021-02.jpeg,1600,1302,2.08,381,381.3,67.4,116.8,1.23,
toyota-hilux-revo-2021,toyota-hilux-revo-2021-03.jpeg,1184,1600,1.89,274,181.0,69.7,121.6,0.74,
toyota-hilux-revo-2021,toyota-hilux-revo-2021-04.jpeg,1200,1600,1.92,351,327.3,54.3,102.7,0.75,
toyota-hilux-revo-2021,toyota-hilux-revo-2021-05.jpeg,1600,1129,1.81,293,254.9,56.8,99.5,1.42,
toyota-hilux-revo-2021,toyota-hilux-revo-2021-06.jpeg,1229,1600,1.97,418,432.2,60.2,84.1,0.77,
toyota-hilux-revo-2021,toyota-hilux-revo-2021-07.jpeg,1600,1248,2.0,475,780.0,68.2,96.5,1.28,
toyota-hilux-revo-2021,toyota-hilux-revo-2021-08.jpeg,1600,1314,2.1,365,356.1,72.0,112.0,1.22,
toyota-hilux-revo-2021,toyota-hilux-revo-2021-09.jpeg,1600,1333,2.13,382,375.8,65.8,117.6,1.2,
toyota-hilux-revo-2021,toyota-hilux-revo-2021-10.jpeg,1214,1600,1.94,268,234.1,73.7,131.1,0.76,
toyota-hilux-revo-double-cab-2020,toyota-hilux-revo-double-cab-2020-01.jpeg,700,500,0.35,107,1850.6,69.8,122.0,1.4,
toyota-hilux-revo-double-cab-2020,toyota-hilux-revo-double-cab-2020-02.jpeg,700,500,0.35,87,1260.3,64.9,136.6,1.4,
toyota-hilux-revo-double-cab-2020,toyota-hilux-revo-double-cab-2020-03.jpeg,700,500,0.35,78,890.3,70.5,118.9,1.4,
toyota-hilux-revo-double-cab-2020,toyota-hilux-revo-double-cab-2020-04.jpeg,700,500,0.35,86,1195.6,89.0,135.3,1.4,
toyota-hilux-revo-double-cab-2020,toyota-hilux-revo-double-cab-2020-05.jpeg,700,500,0.35,86,1222.8,70.8,145.8,1.4,
toyota-hilux-revo-double-cab-2020,toyota-hilux-revo-double-cab-2020-06.jpeg,700,500,0.35,68,459.6,85.9,137.5,1.4,
toyota-hilux-revo-double-cab-2020,toyota-hilux-revo-double-cab-2020-07.jpeg,700,500,0.35,96,1814.7,69.0,132.8,1.4,
toyota-hilux-revo-double-cab-2020,toyota-hilux-revo-double-cab-2020-08.jpeg,700,500,0.35,91,992.5,87.4,141.3,1.4,
toyota-hilux-revo-smart-cab-2019,toyota-hilux-revo-smart-cab-2019-01.jpeg,700,500,0.35,79,691.8,53.8,127.0,1.4,
toyota-hilux-revo-smart-cab-2019,toyota-hilux-revo-smart-cab-2019-02.jpeg,700,500,0.35,83,866.4,54.3,122.9,1.4,
toyota-hilux-revo-smart-cab-2019,toyota-hilux-revo-smart-cab-2019-03.jpeg,700,500,0.35,65,315.0,53.5,138.3,1.4,
toyota-hilux-revo-smart-cab-2019,toyota-hilux-revo-smart-cab-2019-04.jpeg,700,500,0.35,98,941.7,62.1,130.4,1.4,
toyota-hilux-revo-smart-cab-2019,toyota-hilux-revo-smart-cab-2019-05.jpeg,700,500,0.35,86,764.1,57.0,132.8,1.4,
toyota-hilux-revo-smart-cab-2019,toyota-hilux-revo-smart-cab-2019-06.jpeg,700,500,0.35,83,736.8,60.9,132.5,1.4,
toyota-hilux-revo-smart-cab-2019,toyota-hilux-revo-smart-cab-2019-07.jpeg,700,500,0.35,105,1202.4,74.8,114.4,1.4,
toyota-hilux-rocco-2024,toyota-hilux-rocco-2024-01.jpeg,1280,960,1.23,264,1314.6,68.1,133.5,1.33,
toyota-hilux-rocco-2024,toyota-hilux-rocco-2024-02.jpeg,1280,960,1.23,205,959.0,74.4,162.2,1.33,
toyota-hilux-rocco-2024,toyota-hilux-rocco-2024-03.jpeg,1280,960,1.23,160,363.8,57.3,120.9,1.33,
toyota-hilux-rocco-2024,toyota-hilux-rocco-2024-04.jpeg,960,1280,1.23,135,347.9,56.4,111.4,0.75,
toyota-hilux-rocco-2024,toyota-hilux-rocco-2024-05.jpeg,1280,960,1.23,172,522.4,65.4,129.9,1.33,
toyota-hilux-rocco-2024,toyota-hilux-rocco-2024-06.jpeg,1280,960,1.23,222,931.1,71.0,129.2,1.33,
toyota-hilux-rocco-2024,toyota-hilux-rocco-2024-07.jpeg,1280,960,1.23,255,1203.9,66.1,158.5,1.33,
toyota-land-cruiser-2024,toyota-land-cruiser-2024-01.jpeg,639,421,0.27,100,2988.4,76.3,124.8,1.52,
toyota-land-cruiser-2024,toyota-land-cruiser-2024-02.jpeg,616,453,0.28,88,1661.6,72.3,126.6,1.36,
toyota-land-cruiser-2024,toyota-land-cruiser-2024-03.jpeg,645,477,0.31,82,1564.8,77.3,112.2,1.35,
toyota-land-cruiser-2024,toyota-land-cruiser-2024-04.jpeg,643,483,0.31,81,1548.5,78.7,111.9,1.33,
toyota-land-cruiser-2024,toyota-land-cruiser-2024-05.jpeg,654,481,0.31,80,1262.0,72.3,103.0,1.36,
toyota-land-cruiser-2024,toyota-land-cruiser-2024-06.jpeg,649,474,0.31,89,733.5,63.8,125.0,1.37,
toyota-land-cruiser-2024,toyota-land-cruiser-2024-07.jpeg,645,482,0.31,91,984.3,51.3,130.4,1.34,
toyota-land-cruiser-2024,toyota-land-cruiser-2024-08.jpeg,638,483,0.31,59,626.0,69.6,122.6,1.32,
toyota-land-cruiser-2024,toyota-land-cruiser-2024-09.jpeg,560,476,0.27,83,1948.8,73.8,125.2,1.18,
toyota-land-cruiser-2024,toyota-land-cruiser-2024-10.jpeg,657,481,0.32,92,975.9,64.9,130.2,1.37,
toyota-land-cruiser-2024,toyota-land-cruiser-2024-11.jpeg,655,480,0.31,69,673.3,46.0,84.1,1.36,
toyota-land-cruiser-2024,toyota-land-cruiser-2024-12.jpeg,632,419,0.26,98,2940.9,76.4,124.4,1.51,
toyota-land-cruiser-2024,toyota-land-cruiser-2024-13.jpeg,653,485,0.32,98,1301.5,61.7,118.8,1.35,
toyota-land-cruiser-fj-2026,toyota-land-cruiser-fj-2026-01.webp,1204,803,0.97,37,158.6,86.2,206.5,1.5,
toyota-land-cruiser-fj-2026,toyota-land-cruiser-fj-2026-02.jpeg,700,500,0.35,80,1558.9,71.9,72.4,1.4,
toyota-land-cruiser-fj-2026,toyota-land-cruiser-fj-2026-03.jpeg,700,500,0.35,87,1537.4,89.5,95.3,1.4,
toyota-land-cruiser-fj-2026,toyota-land-cruiser-fj-2026-04.jpeg,700,500,0.35,88,1093.8,60.7,96.5,1.4,
toyota-land-cruiser-fj-2026,toyota-land-cruiser-fj-2026-05.jpeg,700,500,0.35,70,534.4,62.9,94.5,1.4,
toyota-land-cruiser-fj-2026,toyota-land-cruiser-fj-2026-06.jpeg,700,500,0.35,91,1791.5,74.6,89.4,1.4,
toyota-land-cruiser-fj-2026,toyota-land-cruiser-fj-2026-07.jpeg,700,500,0.35,83,1685.4,74.1,65.9,1.4,
toyota-land-cruiser-fj-2026,toyota-land-cruiser-fj-2026-08.jpeg,700,500,0.35,88,1757.6,72.2,92.9,1.4,
toyota-land-cruiser-prado-txl-2017,toyota-land-cruiser-prado-txl-2017-01.jpeg,640,417,0.27,61,1976.1,85.1,133.1,1.53,
toyota-land-cruiser-prado-txl-2017,toyota-land-cruiser-prado-txl-2017-02.jpeg,640,426,0.27,80,2290.9,78.0,110.7,1.5,
toyota-land-cruiser-prado-txl-2017,toyota-land-cruiser-prado-txl-2017-03.jpeg,640,417,0.27,64,2156.4,87.9,92.1,1.53,
toyota-land-cruiser-prado-txl-2017,toyota-land-cruiser-prado-txl-2017-04.jpeg,640,426,0.27,51,1247.0,84.8,106.7,1.5,
toyota-land-cruiser-prado-txl-2017,toyota-land-cruiser-prado-txl-2017-05.jpeg,640,417,0.27,53,519.7,66.9,129.5,1.53,
toyota-land-cruiser-prado-txl-2017,toyota-land-cruiser-prado-txl-2017-06.jpeg,640,417,0.27,53,608.8,74.8,124.8,1.53,
toyota-land-cruiser-prado-txl-2017,toyota-land-cruiser-prado-txl-2017-07.jpeg,640,417,0.27,57,1791.3,94.6,129.7,1.53,
toyota-land-cruiser-prado-txl-2017,toyota-land-cruiser-prado-txl-2017-08.jpeg,640,417,0.27,54,1102.4,82.3,115.2,1.53,
toyota-land-cruiser-prado-txl-2017,toyota-land-cruiser-prado-txl-2017-09.jpeg,635,417,0.26,62,1349.3,81.6,139.4,1.52,
toyota-land-cruiser-prado-txl-2017,toyota-land-cruiser-prado-txl-2017-10.jpeg,640,417,0.27,75,1346.9,58.8,78.5,1.53,
toyota-land-cruiser-prado-txl-2017,toyota-land-cruiser-prado-txl-2017-11.jpeg,640,417,0.27,73,2013.0,75.1,85.4,1.53,
toyota-land-cruiser-prado-txl-2017,toyota-land-cruiser-prado-txl-2017-12.jpeg,636,410,0.26,56,1920.7,91.6,134.9,1.55,
toyota-rav4-2018,toyota-rav4-2018-01.jpeg,810,1080,0.87,145,543.3,71.8,112.7,0.75,
toyota-rav4-2018,toyota-rav4-2018-02.jpeg,810,1080,0.87,145,543.3,71.8,112.7,0.75,
toyota-rav4-2018,toyota-rav4-2018-03.jpeg,810,1080,0.87,139,607.6,70.4,91.4,0.75,
toyota-rav4-2018,toyota-rav4-2018-04.jpeg,810,1080,0.87,145,543.3,71.8,112.7,0.75,
toyota-rav4-2018,toyota-rav4-2018-05.jpeg,810,1080,0.87,131,419.3,61.5,96.1,0.75,
toyota-rav4-2018,toyota-rav4-2018-06.jpeg,810,1080,0.87,98,307.8,83.2,87.3,0.75,
toyota-rav4-2018,toyota-rav4-2018-07.jpeg,810,1080,0.87,134,508.0,62.9,111.1,0.75,
toyota-rav4-2018,toyota-rav4-2018-08.jpeg,810,1080,0.87,139,613.2,78.8,112.5,0.75,
toyota-rav4-2018,toyota-rav4-2018-09.jpeg,810,1080,0.87,125,500.8,70.5,99.2,0.75,
